<?xml version="1.0" encoding="utf-8"?>
<!-- Copyright (c) .NET Foundation and contributors. All rights reserved. Licensed under the Microsoft Reciprocal License. See LICENSE.TXT file in the project root for full license information. -->


<tableDefinitions xmlns="http://schemas.microsoft.com/wix/2006/tables">
    <tableDefinition name="WixBalCondition" bootstrapperApplicationData="yes">
        <columnDefinition name="Condition" type="string" length="255" primaryKey="yes" localizable="yes"
                category="condition" description="Expression which must evaluate to TRUE in order for install to commence."/>
        <columnDefinition name="Message" type="localized" length="255" escapeIdtCharacters="yes"
                category="formatted" description="Localizable text to display when condition fails and install must abort."/>
    </tableDefinition>

    <tableDefinition name="MbaPrerequisiteSupportPackage" bootstrapperApplicationData="yes">
        <columnDefinition name="PackageId" type="string" length="255" primaryKey="yes" 
                category="identifier" description="PackageId for the Prereq BA to conditionally install."/>
    </tableDefinition>

    <tableDefinition name="WixStdbaOptions" bootstrapperApplicationData="yes">
        <columnDefinition name="SuppressOptionsUI" type="number" length="2" nullable="yes"
                maxValue="1" description="If 1, don't show Options button during install."/>
        <columnDefinition name="SuppressDowngradeFailure" type="number" length="2" nullable="yes"
                maxValue="1" description="If 1, attempts to downgrade are treated as a successful no-op."/>
        <columnDefinition name="SuppressRepair" type="number" length="2" nullable="yes"
                maxValue="1" description="If 1, don't show Repair button during maintenance."/>
        <columnDefinition name="ShowVersion" type="number" length="2" nullable="yes"
                maxValue="1" description="If 1, show the version number on the UI."/>
        <columnDefinition name="ShowFilesInUse" type="number" length="2" nullable="yes"
                maxValue="1" description="If 1, show a special page when files are in use."/>
        <columnDefinition name="SupportCacheOnly" type="number" length="2" nullable="yes"
                maxValue="1" description="If 1, the bundle can be pre-cached using the /cache command line argument."/>
    </tableDefinition>

    <tableDefinition name="WixStdbaOverridableVariable" bootstrapperApplicationData="yes">
        <columnDefinition name="Name" type="string" length="255" primaryKey="yes" 
                category="identifier" description="Variable name user can override."/>
    </tableDefinition>
</tableDefinitions>
