<?xml version="1.0" encoding="utf-8"?>
<!--
  <copyright file="tables.xml" company="Outercurve Foundation">
    Copyright (c) 2004, Outercurve Foundation.
    This software is released under Microsoft Reciprocal License (MS-RL).
    The license and further copyright text can be found in the file
    LICENSE.TXT at the root directory of the distribution.
  </copyright>

    Public Custom Actions table definitions.
-->
<tableDefinitions xmlns="http://schemas.microsoft.com/wix/2003/04/tables">

	<tableDefinition name="ComPlusPartition">
		<columnDefinition name="Partition" type="string" length="72" primaryKey="yes" symbol="yes" modularize="column"
				category="identifier" description=""/>
		<columnDefinition name="Component_"	type="string" length="72" nullable="yes" modularize="column"
				category="identifier" description=""/>
		<columnDefinition name="Id"	type="string" length="72" nullable="yes" modularize="property"
				category="formatted" description=""/>
		<columnDefinition name="Name" type="string"	length="255" nullable="yes"	modularize="property"
				category="formatted" description=""/>
	</tableDefinition>

	<tableDefinition name="ComPlusPartitionProperty">
		<columnDefinition name="Partition_"	type="string" length="72" primaryKey="yes" symbol="yes"	modularize="column"
				keyTable="ComPlusPartition"	keyColumn="1" category="identifier"	description=""/>
		<columnDefinition name="Name" type="string"	length="72"	primaryKey="yes" symbol="yes" modularize="property"
				category="formatted" description=""/>
		<columnDefinition name="Value" type="string" length="255" modularize="property"
				category="formatted" description=""/>
	</tableDefinition>

	<tableDefinition name="ComPlusPartitionRole">
		<columnDefinition name="PartitionRole" type="string" length="72" primaryKey="yes" symbol="yes" modularize="column"
				category="identifier" description=""/>
		<columnDefinition name="Partition_"	type="string" length="72" modularize="column"
				keyTable="ComPlusPartition"	keyColumn="1" category="identifier"	description=""/>
		<columnDefinition name="Component_"	type="string" length="72" nullable="yes" modularize="column"
				category="identifier" description=""/>
		<columnDefinition name="Name" type="string"	length="255" modularize="property"
				category="formatted" description=""/>
	</tableDefinition>

	<tableDefinition name="ComPlusUserInPartitionRole">
		<columnDefinition name="UserInPartitionRole" type="string" length="72" primaryKey="yes"	symbol="yes" modularize="column"
				category="identifier" description=""/>
		<columnDefinition name="PartitionRole_"	type="string" length="72" modularize="column"
				keyTable="ComPlusPartitionRole"	keyColumn="1" category="identifier"	description=""/>
		<columnDefinition name="Component_"	type="string" length="72" modularize="column"
				category="identifier" description=""/>
		<columnDefinition name="User_" type="string" length="72" modularize="column"
				category="identifier" description=""/>
	</tableDefinition>

	<tableDefinition name="ComPlusGroupInPartitionRole">
		<columnDefinition name="GroupInPartitionRole" type="string"	length="72"	primaryKey="yes" symbol="yes" modularize="column"
				category="identifier" description=""/>
		<columnDefinition name="PartitionRole_"	type="string" length="72" modularize="column"
				keyTable="ComPlusPartitionRole"	keyColumn="1" category="identifier"	description=""/>
		<columnDefinition name="Component_"	type="string" length="72" modularize="column"
				category="identifier" description=""/>
		<columnDefinition name="Group_"	type="string" length="72" modularize="column"
				category="identifier" description=""/>
	</tableDefinition>

	<tableDefinition name="ComPlusPartitionUser">
		<columnDefinition name="PartitionUser" type="string" length="72" primaryKey="yes" symbol="yes" modularize="column"
				category="identifier" description=""/>
		<columnDefinition name="Partition_"	type="string" length="72" modularize="column"
				keyTable="ComPlusPartition"	keyColumn="1" category="identifier"	description=""/>
		<columnDefinition name="Component_"	type="string" length="72" modularize="column"
				category="identifier" description=""/>
		<columnDefinition name="User_" type="string" length="72" modularize="column"
				category="identifier" description=""/>
	</tableDefinition>

	<tableDefinition name="ComPlusApplication">
		<columnDefinition name="Application" type="string" length="72" primaryKey="yes"	symbol="yes" modularize="column"
				category="identifier" description=""/>
		<columnDefinition name="Partition_"	type="string" length="72" nullable="yes" modularize="column"
				keyTable="ComPlusPartition"	keyColumn="1" category="identifier"	description=""/>
		<columnDefinition name="Component_"	type="string" length="72" nullable="yes" modularize="column"
				category="identifier" description=""/>
		<columnDefinition name="Id"	type="string" length="72" nullable="yes" modularize="property"
				category="formatted" description=""/>
		<columnDefinition name="Name" type="string"	length="255" nullable="yes"	modularize="property"
				category="formatted" description=""/>
	</tableDefinition>

	<tableDefinition name="ComPlusApplicationProperty">
		<columnDefinition name="Application_" type="string"	length="72"	primaryKey="yes" symbol="yes" modularize="column"
				keyTable="ComPlusApplication" keyColumn="1"	category="identifier" description=""/>
		<columnDefinition name="Name" type="string"	length="72"	primaryKey="yes" symbol="yes" modularize="property"
				category="formatted" description=""/>
		<columnDefinition name="Value" type="string" length="255" modularize="property"
				category="formatted" description=""/>
	</tableDefinition>

	<tableDefinition name="ComPlusApplicationRole">
		<columnDefinition name="ApplicationRole" type="string" length="72" primaryKey="yes"	symbol="yes" modularize="column"
				category="identifier" description=""/>
		<columnDefinition name="Application_" type="string"	length="72"	modularize="column"
				keyTable="ComPlusApplication" keyColumn="1"	category="identifier" description=""/>
		<columnDefinition name="Component_"	type="string" length="72" nullable="yes" modularize="column"
				category="identifier" description=""/>
		<columnDefinition name="Name" type="string"	length="255" modularize="property"
				category="formatted" description=""/>
	</tableDefinition>

	<tableDefinition name="ComPlusApplicationRoleProperty">
		<columnDefinition name="ApplicationRole_" type="string"	length="72"	primaryKey="yes" symbol="yes" modularize="column"
				keyTable="ComPlusApplicationRole" keyColumn="1"	category="identifier" description=""/>
		<columnDefinition name="Name" type="string"	length="72"	primaryKey="yes" symbol="yes" modularize="property"
				category="formatted" description=""/>
		<columnDefinition name="Value" type="string" length="255" modularize="property"
				category="formatted" description=""/>
	</tableDefinition>

	<tableDefinition name="ComPlusUserInApplicationRole">
		<columnDefinition name="UserInApplicationRole" type="string" length="72" primaryKey="yes" symbol="yes" modularize="column"
				category="identifier" description=""/>
		<columnDefinition name="ApplicationRole_" type="string"	length="72"	modularize="column"
				keyTable="ComPlusApplicationRole" keyColumn="1"	category="identifier" description=""/>
		<columnDefinition name="Component_"	type="string" length="72" modularize="column"
				category="identifier" description=""/>
		<columnDefinition name="User_" type="string" length="72" modularize="column"
				category="identifier" description=""/>
	</tableDefinition>

	<tableDefinition name="ComPlusGroupInApplicationRole">
		<columnDefinition name="GroupInApplicationRole"	type="string" length="72" primaryKey="yes" symbol="yes"	modularize="column"
				category="identifier" description=""/>
		<columnDefinition name="ApplicationRole_" type="string"	length="72"	modularize="column"
				keyTable="ComPlusApplicationRole" keyColumn="1"	category="identifier" description=""/>
		<columnDefinition name="Component_"	type="string" length="72" modularize="column"
				category="identifier" description=""/>
		<columnDefinition name="Group_"	type="string" length="72" modularize="column"
				category="identifier" description=""/>
	</tableDefinition>

	<tableDefinition name="ComPlusAssembly">
		<columnDefinition name="Assembly" type="string"	length="72"	primaryKey="yes" symbol="yes" modularize="column"
				category="identifier" description=""/>
		<columnDefinition name="Application_" type="string"	length="72" nullable="yes" modularize="column"
				keyTable="ComPlusApplication" keyColumn="1" category="identifier" description=""/>
		<columnDefinition name="Component_"	type="string" length="72" modularize="column"
				category="identifier" description=""/>
		<columnDefinition name="AssemblyName" type="string" length="255" nullable="yes" modularize="property"
				category="formatted" description=""/>
		<columnDefinition name="DllPath" type="string" length="255" nullable="yes" modularize="property"
				category="formatted" description=""/>
		<columnDefinition name="TlbPath" type="string" length="255" nullable="yes" modularize="property"
				category="formatted" description=""/>
		<columnDefinition name="PSDllPath" type="string" length="255" nullable="yes" modularize="property"
				category="formatted" description=""/>
		<columnDefinition name="Attributes"	type="number" length="4"
				description=""/>
	</tableDefinition>

	<tableDefinition name="ComPlusAssemblyDependency">
		<columnDefinition name="Assembly_" type="string" length="72" primaryKey="yes" symbol="yes" modularize="column"
				keyTable="ComPlusAssembly" keyColumn="1" category="identifier" description=""/>
		<columnDefinition name="RequiredAssembly_" type="string" length="72" primaryKey="yes" symbol="yes" modularize="column"
				keyTable="ComPlusAssembly" keyColumn="1" category="identifier" description=""/>
	</tableDefinition>

	<tableDefinition name="ComPlusComponent">
		<columnDefinition name="ComPlusComponent" type="string"	length="72"	primaryKey="yes" symbol="yes" modularize="column"
				category="identifier" description=""/>
		<columnDefinition name="Assembly_" type="string" length="72" modularize="column"
				keyTable="ComPlusAssembly" keyColumn="1" category="identifier" description=""/>
		<columnDefinition name="CLSID" type="string" length="72" modularize="property"
				category="formatted" description=""/>
	</tableDefinition>

	<tableDefinition name="ComPlusComponentProperty">
		<columnDefinition name="ComPlusComponent_" type="string" length="72" primaryKey="yes" symbol="yes" modularize="column"
				keyTable="ComPlusComponent"	keyColumn="1" category="identifier"	description=""/>
		<columnDefinition name="Name" type="string"	length="72"	primaryKey="yes" symbol="yes" modularize="property"
				category="formatted" description=""/>
		<columnDefinition name="Value" type="string" length="255" modularize="property"
				category="formatted" description=""/>
	</tableDefinition>

	<tableDefinition name="ComPlusRoleForComponent">
		<columnDefinition name="RoleForComponent" type="string"	length="72"	primaryKey="yes" symbol="yes" modularize="column"
				category="identifier" description=""/>
		<columnDefinition name="ComPlusComponent_" type="string" length="72" modularize="column"
				keyTable="ComPlusComponent"	keyColumn="1" category="identifier"	description=""/>
		<columnDefinition name="ApplicationRole_" type="string"	length="72"	modularize="column"
				keyTable="ComPlusApplicationRole" keyColumn="1"	category="identifier" description=""/>
		<columnDefinition name="Component_"	type="string" length="72" modularize="column"
				category="identifier" description=""/>
	</tableDefinition>

	<tableDefinition name="ComPlusInterface">
		<columnDefinition name="Interface" type="string" length="72" primaryKey="yes" symbol="yes" modularize="column"
				category="identifier" description=""/>
		<columnDefinition name="ComPlusComponent_" type="string" length="72" modularize="column"
				keyTable="ComPlusComponent"	keyColumn="1" category="identifier"	description=""/>
		<columnDefinition name="IID" type="string" length="72" modularize="property"
				category="formatted" description=""/>
	</tableDefinition>

	<tableDefinition name="ComPlusInterfaceProperty">
		<columnDefinition name="Interface_"	type="string" length="72" primaryKey="yes" symbol="yes"	modularize="column"
				keyTable="ComPlusInterface"	keyColumn="1" category="identifier"	description=""/>
		<columnDefinition name="Name" type="string"	length="72"	primaryKey="yes" symbol="yes" modularize="property"
				category="formatted" description=""/>
		<columnDefinition name="Value" type="string" length="255" modularize="property"
				category="formatted" description=""/>
	</tableDefinition>

	<tableDefinition name="ComPlusRoleForInterface">
		<columnDefinition name="RoleForInterface" type="string"	length="72"	primaryKey="yes" symbol="yes" modularize="column"
				category="identifier" description=""/>
		<columnDefinition name="Interface_"	type="string" length="72" modularize="column"
				keyTable="ComPlusInterface"	keyColumn="1" category="identifier"	description=""/>
		<columnDefinition name="ApplicationRole_" type="string"	length="72"	modularize="column"
				keyTable="ComPlusApplicationRole" keyColumn="1"	category="identifier" description=""/>
		<columnDefinition name="Component_"	type="string" length="72" modularize="column"
				category="identifier" description=""/>
	</tableDefinition>

	<tableDefinition name="ComPlusMethod">
		<columnDefinition name="Method"	type="string" length="72" primaryKey="yes" symbol="yes"	modularize="column"
				category="identifier" description=""/>
		<columnDefinition name="Interface_"	type="string" length="72" modularize="column"
				keyTable="ComPlusInterface"	keyColumn="1" category="identifier"	description=""/>
		<columnDefinition name="Index" type="number" length="4"	nullable="yes"
				description=""/>
		<columnDefinition name="Name" type="string"	length="255" nullable="yes"	modularize="property"
				category="formatted" description=""/>
	</tableDefinition>

	<tableDefinition name="ComPlusMethodProperty">
		<columnDefinition name="Method_" type="string" length="72" primaryKey="yes"	symbol="yes" modularize="column"
				keyTable="ComPlusMethod" keyColumn="1" category="identifier" description=""/>
		<columnDefinition name="Name" type="string"	length="72"	primaryKey="yes" symbol="yes" modularize="property"
				category="formatted" description=""/>
		<columnDefinition name="Value" type="string" length="255" modularize="property"
				category="formatted" description=""/>
	</tableDefinition>

	<tableDefinition name="ComPlusRoleForMethod">
		<columnDefinition name="RoleForMethod" type="string" length="72" primaryKey="yes" symbol="yes" modularize="column"
				category="identifier" description=""/>
		<columnDefinition name="Method_" type="string" length="72" modularize="column"
				keyTable="ComPlusMethod" keyColumn="1" category="identifier" description=""/>
		<columnDefinition name="ApplicationRole_" type="string"	length="72"	modularize="column"
				keyTable="ComPlusApplicationRole" keyColumn="1"	category="identifier" description=""/>
		<columnDefinition name="Component_"	type="string" length="72" modularize="column"
				category="identifier" description=""/>
	</tableDefinition>

	<tableDefinition name="ComPlusSubscription">
		<columnDefinition name="Subscription" type="string"	length="72"	primaryKey="yes" symbol="yes" modularize="column"
				category="identifier" description=""/>
		<columnDefinition name="ComPlusComponent_" type="string" length="72" primaryKey="yes" symbol="yes" modularize="column"
				keyTable="ComPlusComponent"	keyColumn="1" category="identifier"	description=""/>
		<columnDefinition name="Component_"	type="string" length="72" modularize="column"
				category="identifier" description=""/>
		<columnDefinition name="Id"	type="string" length="72" nullable="yes" modularize="property"
				category="formatted" description=""/>
		<columnDefinition name="Name" type="string"	length="255" modularize="property"
				category="formatted" description=""/>
		<columnDefinition name="EventCLSID"	type="string" length="72" nullable="yes" modularize="property"
				category="formatted" description=""/>
		<columnDefinition name="PublisherID" type="string" length="72" nullable="yes" modularize="property"
				category="formatted" description=""/>
	</tableDefinition>

	<tableDefinition name="ComPlusSubscriptionProperty">
		<columnDefinition name="Subscription_" type="string" length="72" primaryKey="yes" symbol="yes" modularize="column"
				keyTable="ComPlusSubscription" keyColumn="1" category="identifier" description=""/>
		<columnDefinition name="Name" type="string"	length="72"	primaryKey="yes" symbol="yes" modularize="property"
				category="formatted" description=""/>
		<columnDefinition name="Value" type="string" length="255" modularize="property"
				category="formatted" description=""/>
	</tableDefinition>

	<tableDefinition name="MessageQueue">
		<columnDefinition name="MessageQueue" type="string" length="72" primaryKey="yes" symbol="yes" modularize="column"
				category="identifier" description=""/>
		<columnDefinition name="Component_" type="string" length="72" modularize="column"
				category="identifier" description=""/>
		<columnDefinition name="BasePriority" type="number" length="4" nullable="yes"
				description=""/>
		<columnDefinition name="JournalQuota" type="number" length="4" nullable="yes"
				description=""/>
		<columnDefinition name="Label" type="localized" length="255" modularize="property" escapeIdtCharacters="yes"
				category="formatted" description=""/>
		<columnDefinition name="MulticastAddress" type="string" length="255" nullable="yes" modularize="property"
				category="formatted" description=""/>
		<columnDefinition name="PathName" type="string" length="255" modularize="property"
				category="formatted" description=""/>
		<columnDefinition name="PrivLevel" type="number" length="4" nullable="yes"
				description=""/>
		<columnDefinition name="Quota" type="number" length="4" nullable="yes"
				description=""/>
		<columnDefinition name="ServiceTypeGuid" type="string" length="72" nullable="yes" modularize="property"
				category="formatted" description=""/>
		<columnDefinition name="Attributes" type="number" length="4"
				description=""/>
	</tableDefinition>

	<tableDefinition name="MessageQueueUserPermission">
		<columnDefinition name="MessageQueueUserPermission" type="string" length="72" primaryKey="yes" symbol="yes" modularize="column"
				category="identifier" description=""/>
		<columnDefinition name="Component_" type="string" length="72" modularize="column"
				category="identifier" description=""/>
		<columnDefinition name="MessageQueue_" type="string" length="72" modularize="column"
				category="identifier" description=""/>
		<columnDefinition name="User_" type="string" length="72" modularize="column"
				category="identifier" description=""/>
		<columnDefinition name="Permissions" type="number" length="4"
				description=""/>
	</tableDefinition>

	<tableDefinition name="MessageQueueGroupPermission">
		<columnDefinition name="MessageQueueGroupPermission" type="string" length="72" primaryKey="yes" symbol="yes" modularize="column"
				category="identifier" description=""/>
		<columnDefinition name="Component_" type="string" length="72" modularize="column"
				category="identifier" description=""/>
		<columnDefinition name="MessageQueue_" type="string" length="72" modularize="column"
				category="identifier" description=""/>
		<columnDefinition name="Group_" type="string" length="72" modularize="column"
				category="identifier" description=""/>
		<columnDefinition name="Permissions" type="number" length="4"
				description=""/>
	</tableDefinition>

</tableDefinitions>
