<?xml version="1.0" encoding="utf-8"?>
<Theme xmlns="http://wixtoolset.org/schemas/thmutil/2010">
  <Window Width="600" Height="450" HexStyle="100a0000" FontId="0">#(loc.Caption)</Window>
  <Font Id="0" Height="-12" Weight="500" Foreground="000000" Background="FFFFFF">Segoe UI</Font>
  <Font Id="1" Height="-24" Weight="500" Foreground="000000">Segoe UI</Font>
  <Font Id="2" Height="-22" Weight="500" Foreground="666666">Segoe UI</Font>
  <Font Id="3" Height="-12" Weight="500" Foreground="000000" Background="FFFFFF">Segoe UI</Font>
  <Font Id="4" Height="-12" Weight="500" Foreground="ff0000" Background="FFFFFF" Underline="yes">Segoe UI</Font>

  <Page Name="Help">
    <Text X="80" Y="11" Width="-11" Height="32" FontId="1" DisablePrefix="yes">#(loc.Title)</Text>
    <Image X="11" Y="11" Width="64" Height="64" ImageFile="logo.png"/>
    <Text X="11" Y="80" Width="-11" Height="32" FontId="2" DisablePrefix="yes">#(loc.HelpHeader)</Text>
    <Text X="11" Y="121" Width="-11" Height="-35" FontId="3" DisablePrefix="yes">#(loc.HelpText)</Text>
    <Button Name="HelpCancelButton" X="-11" Y="-11" Width="75" Height="23" TabStop="yes" FontId="0">#(loc.HelpCloseButton)</Button>
  </Page>
  <Page Name="Install">
    <Text X="185" Y="11" Width="-11" Height="32" FontId="1" DisablePrefix="yes">#(loc.Title)</Text>
    <Image X="11" Y="11" Width="165" Height="400" ImageFile="logoside.png"/>
    <Text X="185" Y="50" Width="-11" Height="32" FontId="2" DisablePrefix="yes">#(loc.InstallHeader)</Text>
    <Text X="185" Y="91" Width="-11" Height="64" FontId="3" DisablePrefix="yes">#(loc.InstallMessage)</Text><!-- HexStyle="0x800000" -->
    <Hypertext Name="EulaHyperlink" X="185" Y="-111" Width="-11" Height="17" TabStop="yes" FontId="3" HideWhenDisabled="yes">#(loc.InstallLicenseLinkText)</Hypertext>
    <Text Name="InstallVersion" X="185" Y="-81" Width="-11" Height="17" FontId="3" DisablePrefix="yes" HideWhenDisabled="yes">#(loc.InstallVersion)</Text>
    <Checkbox Name="EulaAcceptCheckbox" X="185" Y="-51" Width="-11" Height="17" TabStop="yes" FontId="3" HideWhenDisabled="yes">#(loc.InstallAcceptCheckbox)</Checkbox>
    <Button Name="OptionsButton" X="-171" Y="-11" Width="75" Height="23" TabStop="yes" FontId="0" HideWhenDisabled="yes">#(loc.InstallOptionsButton)</Button>
    <Button Name="InstallButton" X="-91" Y="-11" Width="75" Height="23" TabStop="yes" FontId="0">#(loc.InstallInstallButton)</Button>
    <Button Name="WelcomeCancelButton" X="-11" Y="-11" Width="75" Height="23" TabStop="yes" FontId="0">#(loc.InstallCloseButton)</Button>
  </Page>
  <Page Name="Options">
    <Text X="80" Y="11" Width="-11" Height="32" FontId="1" DisablePrefix="yes">#(loc.Title)</Text>
    <Image X="11" Y="11" Width="64" Height="64" ImageFile="logo.png"/>
    <Text X="11" Y="80" Width="-11" Height="30" FontId="2" DisablePrefix="yes">#(loc.OptionsHeader)</Text>
    <Text X="11" Y="121" Width="-11" Height="17" FontId="3">#(loc.OptionsLocationLabel)</Text>
    <Editbox Name="FolderEditbox" X="11" Y="143" Width="-91" Height="21" TabStop="yes" FontId="3" FileSystemAutoComplete="yes" />
    <Button Name="BrowseButton" X="-11" Y="142" Width="75" Height="23" TabStop="yes" FontId="3">#(loc.OptionsBrowseButton)</Button>

    <Button Name="OptionsOkButton" X="-91" Y="-11" Width="75" Height="23" TabStop="yes" FontId="0">#(loc.OptionsOkButton)</Button>
    <Button Name="OptionsCancelButton" X="-11" Y="-11" Width="75" Height="23" TabStop="yes" FontId="0">#(loc.OptionsCancelButton)</Button>
  </Page>
  <Page Name="FilesInUse">
    <Text X="80" Y="11" Width="-11" Height="32" FontId="1" DisablePrefix="yes">#(loc.Title)</Text>
    <Image X="11" Y="11" Width="64" Height="64" ImageFile="logo.png"/>
    <Text X="11" Y="80" Width="-11" Height="30" FontId="2" DisablePrefix="yes">#(loc.FilesInUseHeader)</Text>
    <Text X="11" Y="121" Width="-11" Height="34" FontId="3" DisablePrefix="yes">#(loc.FilesInUseLabel)</Text>
    <Text Name="FilesInUseText" X="11" Y="150" Width="-11" Height="-86" FontId="3" DisablePrefix="yes" HexStyle="0x0000000C"></Text>

    <Button Name="FilesInUseCloseRadioButton" X="11" Y="-60" Width="-11" Height="23" TabStop="yes" FontId="0" HideWhenDisabled="yes" HexStyle="0x000009">#(loc.FilesInUseCloseRadioButton)</Button>
    <Button Name="FilesInUseDontCloseRadioButton" X="11" Y="-40" Width="-11" Height="23" TabStop="yes" FontId="0" HideWhenDisabled="yes" HexStyle="0x000009">#(loc.FilesInUseDontCloseRadioButton)</Button>

    <Button Name="FilesInUseOkButton" X="-91" Y="-11" Width="75" Height="23" TabStop="yes" FontId="0" HideWhenDisabled="yes">#(loc.FilesInUseOkButton)</Button>
    <Button Name="FilesInUseCancelButton" X="-11" Y="-11" Width="75" Height="23" TabStop="yes" FontId="0">#(loc.FilesInUseCancelButton)</Button>
  </Page>
  <Page Name="Progress">
    <Text X="80" Y="11" Width="-11" Height="32" FontId="1" DisablePrefix="yes">#(loc.Title)</Text>
    <Image X="11" Y="11" Width="64" Height="64" ImageFile="logo.png"/>
    <Text X="11" Y="80" Width="-11" Height="30" FontId="2" DisablePrefix="yes">#(loc.ProgressHeader)</Text>
    <Text X="11" Y="141" Width="70" Height="17" FontId="3" DisablePrefix="yes">#(loc.ProgressLabel)</Text>
    <Text Name="OverallProgressPackageText" X="85" Y="141" Width="-11" Height="17" FontId="3" DisablePrefix="yes">#(loc.OverallProgressPackageText)</Text>
    <Progressbar Name="OverallCalculatedProgressbar" X="11" Y="163" Width="-11" Height="20" />
    <Button Name="ProgressCancelButton" X="-11" Y="-11" Width="75" Height="23" TabStop="yes" FontId="0">#(loc.ProgressCancelButton)</Button>
  </Page>
  <Page Name="Modify">
    <Text X="185" Y="11" Width="-11" Height="32" FontId="1" DisablePrefix="yes">#(loc.Title)</Text>
    <Image X="11" Y="11" Width="165" Height="400" ImageFile="logoside.png"/>
    <Text X="185" Y="50" Width="-11" Height="30" FontId="2" DisablePrefix="yes">#(loc.ModifyHeader)</Text>
    <Button Name="RepairButton" X="-171" Y="-11" Width="75" Height="23" TabStop="yes" FontId="0" HideWhenDisabled="yes">#(loc.ModifyRepairButton)</Button>
    <Button Name="UninstallButton" X="-91" Y="-11" Width="75" Height="23" TabStop="yes" FontId="0">#(loc.ModifyUninstallButton)</Button>
    <Button Name="ModifyCancelButton" X="-11" Y="-11" Width="75" Height="23" TabStop="yes" FontId="0">#(loc.ModifyCloseButton)</Button>
  </Page>
  <Page Name="Success">
    <Text X="185" Y="11" Width="-11" Height="32" FontId="1" DisablePrefix="yes">#(loc.Title)</Text>
    <Image X="11" Y="11" Width="165" Height="400" ImageFile="logoside.png"/>
    <Text Name="SuccessHeader" X="185" Y="50" Width="-11" Height="30" FontId="2" HideWhenDisabled="yes" DisablePrefix="yes">#(loc.SuccessHeader)</Text>
    <Text Name="SuccessInstallHeader" X="185" Y="50" Width="-11" Height="100" FontId="2" HideWhenDisabled="yes" DisablePrefix="yes">#(loc.SuccessInstallHeader)</Text>
    <Text Name="SuccessRepairHeader" X="185" Y="50" Width="-11" Height="100" FontId="2" HideWhenDisabled="yes" DisablePrefix="yes">#(loc.SuccessRepairHeader)</Text> 	
    <Text Name="SuccessUninstallHeader" X="185" Y="50" Width="-11" Height="30" FontId="2" HideWhenDisabled="yes" DisablePrefix="yes">#(loc.SuccessUninstallHeader)</Text>	
    <Button Name="LaunchButton" X="-91" Y="-11" Width="75" Height="23" TabStop="yes" FontId="0" HideWhenDisabled="yes">#(loc.SuccessLaunchButton)</Button>
    <Text Name="SuccessRestartText" X="185" Y="-51" Width="400" Height="34" FontId="3" HideWhenDisabled="yes" DisablePrefix="yes">#(loc.SuccessRestartText)</Text>
    <Button Name="SuccessRestartButton" X="-91" Y="-11" Width="75" Height="23" TabStop="yes" FontId="0" HideWhenDisabled="yes">#(loc.SuccessRestartButton)</Button>
    <Button Name="SuccessCancelButton" X="-11" Y="-11" Width="75" Height="23" TabStop="yes" FontId="0">#(loc.SuccessCloseButton)</Button>
  </Page>
  <Page Name="Failure">
    <Text X="185" Y="11" Width="-11" Height="32" FontId="1" DisablePrefix="yes">#(loc.Title)</Text>
    <Image X="11" Y="11" Width="165" Height="400" ImageFile="logoside.png"/>
    <Text Name="FailureHeader" X="185" Y="50" Width="-11" Height="30" FontId="2" HideWhenDisabled="yes" DisablePrefix="yes">#(loc.FailureHeader)</Text>
    <Text Name="FailureInstallHeader" X="185" Y="50" Width="-11" Height="30" FontId="2" HideWhenDisabled="yes" DisablePrefix="yes">#(loc.FailureInstallHeader)</Text>
    <Text Name="FailureUninstallHeader" X="185" Y="50" Width="-11" Height="30" FontId="2" HideWhenDisabled="yes" DisablePrefix="yes">#(loc.FailureUninstallHeader)</Text>
    <Text Name="FailureRepairHeader" X="185" Y="50" Width="-11" Height="30" FontId="2" HideWhenDisabled="yes" DisablePrefix="yes">#(loc.FailureRepairHeader)</Text>
    <Hypertext Name="FailureLogFileLink" X="185" Y="121" Width="-11" Height="68" FontId="3" TabStop="yes" HideWhenDisabled="yes">#(loc.FailureHyperlinkLogText)</Hypertext>
    <Hypertext Name="FailureMessageText" X="185" Y="-115" Width="-11" Height="80" FontId="3" TabStop="yes" HideWhenDisabled="yes" />
    <Text Name="FailureRestartText" X="185" Y="-57" Width="-11" Height="80" FontId="3" HideWhenDisabled="yes" DisablePrefix="yes">#(loc.FailureRestartText)</Text>
    <Button Name="FailureRestartButton" X="-91" Y="-11" Width="75" Height="23" TabStop="yes" FontId="0" HideWhenDisabled="yes">#(loc.FailureRestartButton)</Button>
    <Button Name="FailureCloseButton" X="-11" Y="-11" Width="75" Height="23" TabStop="yes" FontId="0">#(loc.FailureCloseButton)</Button>
  </Page>
</Theme>